Total_Particles,Mean_Area_um2
1,1.4964499999999998

Particle_ID,Area_um2
1,1.4964499999999998
